Pesquisar,Custo,Cliques,Impressões,Conversões
bosch,"R$ 67,34",36,363,"0,00"
bosch car service,"R$ 20,32",11,195,"0,00"
bosch service,"R$ 25,36",13,171,"0,00"
oficina bosch,"R$ 2,59",1,78,"0,00"
bombista diesel,"R$ 2,02",1,62,"0,00"
mecanico 24 horas,"R$ 1,28",1,51,"0,00"
autozone guarapiranga,"R$ 0,00",0,47,"0,00"
bosch ipiranga,"R$ 16,77",13,45,"0,00"
mecanico,"R$ 0,00",0,43,"0,00"
mecânico perto de mim,"R$ 6,38",3,43,"0,00"
bombista diesel mais próximo,"R$ 1,23",1,39,"0,00"
oficina diesel sp,"R$ 2,60",1,35,"0,00"
bosch automotivo,"R$ 3,73",2,34,"0,00"
autozone taipas,"R$ 4,06",2,32,"0,00"
auto eletrica são paulo,"R$ 0,00",0,31,"0,00"
mecanica diesel,"R$ 3,82",2,31,"0,00"
mercadocar socorro,"R$ 0,00",0,30,"0,00"
oficina especializada em caminhonete diesel,"R$ 2,30",2,30,"0,00"
auto eletrica perto de mim,"R$ 2,00",1,29,"0,00"
oficina diesel,"R$ 1,74",1,29,"0,00"
auto eletrica ipiranga,"R$ 3,67",3,27,"0,00"
bosch diesel service,"R$ 2,42",2,27,"0,00"
bosch oficina,"R$ 3,80",2,26,"0,00"
mecânica diesel perto de mim,"R$ 0,00",0,26,"0,00"
bosch car service ipiranga,"R$ 5,63",4,25,"0,00"
oficina diesel perto de mim,"R$ 3,51",2,25,"0,00"
bosch mecanica,"R$ 5,77",3,23,"0,00"
auto eletrico proximo a mim,"R$ 0,00",0,22,"0,00"
bombista diesel zona leste,"R$ 7,49",2,22,"0,00"
bosch auto center,"R$ 4,15",2,22,"0,00"
bosch são paulo,"R$ 2,87",2,21,"0,00"
mecanica,"R$ 0,00",0,21,"0,00"
mecanico proximo a mim,"R$ 0,00",0,21,"0,00"
bosch car service perto de mim,"R$ 5,09",3,19,"0,00"
oficina bosch car service,"R$ 3,77",2,19,"0,00"
bombista diesel perto de mim,"R$ 0,00",0,18,"0,00"
bosch car,"R$ 0,00",0,18,"0,00"
bosch car service fj premium,"R$ 1,41",1,18,"0,00"
bosch diadema,"R$ 0,00",0,18,"0,00"
mecânico,"R$ 3,68",1,18,"0,00"
oficina bosch perto de mim,"R$ 3,03",2,17,"0,00"
auto eletrica,"R$ 3,16",3,16,"0,00"
autorizada bosch perto de mim,"R$ 0,00",0,16,"0,00"
bosch jabaquara,"R$ 0,00",0,16,"0,00"
mecanico a domicilio,"R$ 3,65",1,16,"0,00"
mercado car são paulo,"R$ 9,45",5,16,"0,00"
oficina mecânica perto de mim,"R$ 0,00",0,16,"0,00"
troca de oleo ipiranga,"R$ 0,00",0,16,"0,00"
aguia diesel sao paulo,"R$ 0,00",0,15,"0,00"
alinhamento e balanceamento,"R$ 0,00",0,15,"0,00"
mecanica bosch,"R$ 0,00",0,15,"0,00"
autorizada bosch,"R$ 2,56",2,14,"0,00"
mecanica ipiranga,"R$ 0,00",0,14,"0,00"
retifica de turbina,"R$ 0,00",0,14,"0,00"
auto eletrico,"R$ 0,00",0,13,"0,00"
auto elétrica perto de mim,"R$ 0,00",0,13,"0,00"
auto elétrico perto de mim,"R$ 0,00",0,13,"0,00"
auto peças diesel são paulo,"R$ 3,95",2,13,"0,00"
auto peças ipiranga,"R$ 0,00",0,13,"0,00"
mecanico diesel,"R$ 3,00",1,13,"0,00"
mecanico ipiranga,"R$ 0,00",0,12,"0,00"
oficina sao paulo,"R$ 0,00",0,12,"0,00"
reparo de bico injetor diesel,"R$ 1,43",1,12,"0,00"
victore bosch car service,"R$ 1,29",1,12,"0,00"
auto elétrico 24 horas mais próximo,"R$ 0,00",0,11,"0,00"
bombista diesel guarulhos,"R$ 1,44",1,11,"0,00"
bosch cotia,"R$ 0,00",0,11,"0,00"
limpeza de bicos injetores valor,"R$ 0,00",0,11,"0,00"
mercado car socorro,"R$ 0,00",0,11,"0,00"
oficina especializada em hilux,"R$ 2,87",1,11,"0,00"
assistência técnica bosch mais próxima,"R$ 0,00",0,10,"0,00"
auto eletrico ipiranga,"R$ 1,78",1,10,"0,00"
bosch diesel center,"R$ 0,00",0,10,"0,00"
koga koga sapopemba,"R$ 0,00",0,10,"0,00"
mecânica diesel,"R$ 0,00",0,10,"0,00"
oficina especializada em caminhonete,"R$ 0,00",0,10,"0,00"
revise car ipiranga,"R$ 1,04",1,10,"0,00"
ricardiesel,"R$ 0,00",0,10,"0,00"
troca de oleo,"R$ 0,00",0,10,"0,00"
assistencia tecnica bosch,"R$ 1,10",1,9,"0,00"
bombista,"R$ 2,22",1,9,"0,00"
bombista diesel osasco,"R$ 0,00",0,9,"0,00"
bosch car service newcar centro automotivo são paulo,"R$ 0,00",0,9,"0,00"
bosch service car,"R$ 0,00",0,9,"0,00"
limpeza de bico injetor,"R$ 0,00",0,9,"0,00"
limpeza de bicos injetores preço,"R$ 0,00",0,9,"0,00"
mecanica são paulo,"R$ 4,45",1,9,"0,00"
oficina bosch diesel,"R$ 0,00",0,9,"0,00"
oficina da bosch,"R$ 2,78",1,9,"0,00"
oficina de diesel,"R$ 1,98",1,9,"0,00"
oficina diesel guarulhos,"R$ 0,00",0,9,"0,00"
oficina mecânica diesel mais próxima,"R$ 0,00",0,9,"0,00"
revisão,"R$ 3,68",2,9,"0,00"
alinhamento e balanceamento ipiranga,"R$ 0,00",0,8,"0,00"
auto center são paulo,"R$ 0,00",0,8,"0,00"
auto eletrica maua,"R$ 0,00",0,8,"0,00"
auto elétrica perto de mim aberto agora,"R$ 0,00",0,8,"0,00"
autopecas sao paulo,"R$ 0,00",0,8,"0,00"
autorizada da bosch,"R$ 0,00",0,8,"0,00"
autozone campo limpo,"R$ 0,00",0,8,"0,00"
